{
	# should be a copy of "combatSmall", minus variants that are annoying to fight in low numbers
	# for example, no Hyperions or fast beam-based kiting loadouts, or ships with damper field
	"combatSmallForSmallFleet":{
		"hawkmk2_Basic":1,
		"hawkmk2_Assault":1,
		"hawkmk2_Support":1,
		"underdog_Basic":1,
		"underdog_Assault":1,
		"underdog_Support":1,
		"foxhound_Basic":0.9,
		"foxhound_Assault":0.9,
		"foxhound_Support":0.9,
		"bloodhound_Basic":0.9,
		"bloodhound_Assault":0.9,
		"bloodhound_Support":0.9,
		"wolfpack_Basic":0.9,
		"wolfpack_Assault":0.9,
		"wolfpack_Support":0.9,
		"redstar_Basic":0.8,
		"redstar_Assault":0.8,
		"redstar_Support":0.8,
		"wrestler_Basic":0.6,
		"wrestler_Assault":0.6,
		"wrestler_Support":0.6,
		"wrestlermk2_Basic":0.6,
		"wrestlermk2_Assault":0.6,
		"wrestlermk2_Support":0.6,
		"striker_Basic":0.8,
		"striker_Assault":0.8,
		"striker_Support":0.8,
		"strikermk2_Basic":0.7,
		"strikermk2_Assault":0.7,
		"strikermk2_Support":0.7,
		"ryker_Basic":0.8,
		"ryker_Assault":0.8,
		"ryker_Support":0.8,
		"moth_Basic":0.8,
		"moth_Assault":0.8,
		"moth_Support":0.8,

		"fallback":{"combatSmall":1},
	},
	"combatSmall":{
		"hawkmk2_Basic":1,
		"hawkmk2_Assault":1,
		"hawkmk2_Support":1,
		"underdog_Basic":1,
		"underdog_Assault":1,
		"underdog_Support":1,
		"skylarke_Basic":0.8,
		"skylarke_Assault":0.8,
		"skylarke_Support":0.8,
		"foxhound_Basic":0.9,
		"foxhound_Assault":0.9,
		"foxhound_Support":0.9,
		"bloodhound_Basic":0.9,
		"bloodhound_Assault":0.9,
		"bloodhound_Support":0.9,
		"wolfpack_Basic":0.9,
		"wolfpack_Assault":0.9,
		"wolfpack_Support":0.9,
		"redstar_Basic":0.8,
		"redstar_Assault":0.8,
		"redstar_Support":0.8,
		"platypus_Basic":0.6,
		"platypus_Assault":0.6,
		"platypus_Support":0.6,
		"wrestler_Basic":0.6,
		"wrestler_Assault":0.6,
		"wrestler_Support":0.6,
		"wrestlermk2_Basic":0.6,
		"wrestlermk2_Assault":0.6,
		"wrestlermk2_Support":0.6,
		"timberwolf_Basic":0.5,
		"timberwolf_Assault":0.5,
		"timberwolf_Support":0.5,
		"timberwolfmk2_Basic":0.5,
		"timberwolfmk2_Assault":0.5,
		"timberwolfmk2_Support":0.5,
		"striker_Basic":0.8,
		"striker_Assault":0.8,
		"striker_Support":0.8,
		"strikermk2_Basic":0.7,
		"strikermk2_Assault":0.7,
		"strikermk2_Support":0.7,
		"sentinel_Basic":0.6,
		"sentinel_Assault":0.6,
		"sentinel_Support":0.6,
		"sentinelmk2_Basic":0.6,
		"sentinelmk2_Assault":0.6,
		"sentinelmk2_Support":0.6,
		"owen_Basic":0.6,
		"owen_Assault":0.6,
		"owen_Support":0.6,
		"icarus_Basic":0.4,
		"icarus_Assault":0.4,
		"icarus_Support":0.4,
		"thunderchild_Basic":0.5,
		"thunderchild_Assault":0.5,
		"thunderchild_Support":0.5,
		"ryker_Basic":0.8,
		"ryker_Assault":0.8,
		"ryker_Support":0.8,
		"moth_Basic":0.8,
		"moth_Assault":0.8,
		"moth_Support":0.8,
		
		"fallback":{"combatMedium":0.5},
	},
	"combatMedium":{
		"innogen_Basic":0.7,
		"innogen_Assault":0.7,
		"innogen_Support":0.7,
		"marshall_Basic":0.6,
		"marshall_Assault":0.6,
		"marshall_Support":0.6,
		"wildebeest_Basic":0.6,
		"wildebeest_Assault":0.6,
		"wildebeest_Support":0.6,
		"hedgehog_Basic":0.5,
		"hedgehog_Assault":0.5,
		"hedgehog_Support":0.5,
		"annihilator_Basic":0.6,
		"annihilator_Assault":0.6,
		"annihilator_Support":0.6,
		"barracuda_Basic":0.6,
		"barracuda_Assault":0.6,
		"barracuda_Support":0.6,
		"daedalus_Basic":0.5,
		"daedalus_Assault":0.5,
		"daedalus_Support":0.5,
		"jules_Basic":0.5,
		"jules_Assault":0.5,
		"jules_Support":0.5,
		"buzzard_Basic":0.7,
		"buzzard_Assault":0.7,
		"buzzard_Support":0.7,
		
		"fallback":{"combatSmall":1},
	},
	"combatLarge":{
		"phoenix_Basic":0.9,
		"phoenix_Assault":0.9,
		"phoenix_Support":0.9,
		"mace_Basic":0.9,
		"mace_Assault":0.9,
		"mace_Support":0.9,
		"annihilatormk2_Basic":0.7,
		"annihilatormk2_Assault":0.7,
		"annihilatormk2_Support":0.7,
		"stampede_Basic":0.8,
		"stampede_Assault":0.8,
		"stampede_Support":0.8,
		"taskmaster_Basic":0.5,
		"taskmaster_Assault":0.5,
		"taskmaster_Support":0.5,
		"perigee_Basic":0.6,
		"perigee_Assault":0.6,
		"perigee_Support":0.6,
		"centaur_Basic":0.6,
		"centaur_Assault":0.6,
		"centaur_Support":0.6,
		
		"fallback":{"combatMedium":1},
	},
	"combatCapital":{
		"dreadnought_Basic":0.4,
		"dreadnought_Assault":0.4,
		"dreadnought_Support":0.4,
		"overlord_Basic":0.6,
		"overlord_Assault":0.6,
		"overlord_Support":0.6,
		"eventhorizon_Basic":0.1,
		"eventhorizon_Assault":0.1,
	},
	
	"combatFreighterSmall":{
		"skylarkc_Basic":0.8,
		"skylarkc_Assault":0.8,
		"skylarkc_Support":0.8,
		"buck_Basic":0.7,
		"buck_Assault":0.7,
		"buck_Support":0.7,
		"buckmk2_Basic":0.7,
		"buckmk2_Assault":0.7,
		"buckmk2_Support":0.7,
		"talus_Basic":0.6,
		"talus_Assault":0.6,
		"talus_Support":0.6,
		"hermit_Basic":0.6,
		"hermit_Assault":0.6,
		"hermit_Support":0.6,
		"void_Basic":0.6,
		"void_Assault":0.6,
		"void_Support":0.6,
		
		"fallback":{"freighterSmall":1},
	},
	"combatFreighterMedium":{
		"damocles_Basic":0.7,
		"damocles_Assault":0.7,
		"damocles_Support":0.7,
	
		"fallback":{"combatFreighterSmall":1},
	},
	"combatFreighterLarge":{

		"fallback":{"combatFreighterMedium":1},
	},
	
	"civilianRandom":{
		"rurhland_Basic":0.5,
		"rurhland_Assault":0.5,
		"rurhland_Support":0.5,
		
		
	},
	# carriers
	"carrierSmall":{
		"sojourner_Basic":0.3,
		"sojourner_Assault":0.3,
		"sojourner_Support":0.3,
		"talus_Basic":0.7,
		"talus_Assault":0.7,
		"talus_Support":0.7,
		"hermit_Basic":0.6,
		"hermit_Assault":0.6,
		"hermit_Support":0.6,
		
		
		"fallback":{"carrierMedium":0.5},
		"fallback2":{"carrierLarge":0.25},
	},
	"carrierMedium":{
		"rover_Basic":0.6,
		"rover_Assault":0.6,
		"rover_Support":0.6,
		"lance_Basic":0.6,
		"lance_Assault":0.6,
		"lance_Support":0.6,
		
		"fallback":{"carrierSmall":1},
		"fallback2":{"carrierLarge":0.5},
	},
	"carrierLarge":{
		"cormorant_Basic":0.4,
		"cormorant_Assault":0.4,
		"cormorant_Support":0.4,
	
		"fallback":{"carrierMedium":1},
		"fallback2":{"carrierSmall":1},
	},
	# phase ships
	"phaseSmall":{
	
		"fallback":{"phaseMedium":0.5},
		"fallback2":{"phaseLarge":0.25},
	},
	"phaseMedium":{
	
		"fallback":{"phaseSmall":1},
		"fallback2":{"phaseLarge":0.5},
	},
	"phaseLarge":{

		
		"fallback":{"phaseMedium":1},
		"fallback2":{"phaseSmall":1},
	},
	"phaseCapital":{

	},	
	
	"freighterSmall":{
		"rurhland_Basic":0.5,
		"rurhland_Assault":0.5,
		"rurhland_Support":0.5,
		"rurhland_p_Basic":0.5,
		
		"fallback":{"freighterMedium":0.5},
		"fallback2":{"freighterLarge":0.25},
	},
	"freighterMedium":{

		"fallback":{"freighterSmall":1},
		"fallback2":{"freighterLarge":0.5},
	},
	"freighterLarge":{

		"fallback":{"freighterMedium":1},
		"fallback2":{"freighterSmall":1},
	},
	
	"tankerSmall":{
		"skylarkf_Basic":0.8,
		"skylarkf_Assault":0.8,
		"skylarkf_Support":0.8,

		"fallback":{"tankerMedium":0.5},
		"fallback2":{"tankerLarge":0.25},
	},
	"tankerMedium":{

		"fallback":{"tankerSmall":1},
		"fallback2":{"tankerLarge":0.5},
	},
	"tankerLarge":{

		"fallback":{"tankerMedium":1},
		"fallback2":{"tankerSmall":1},
	},
	
	"personnelSmall":{

		"fallback":{"personnelMedium":0.5},
		"fallback2":{"personnelLarge":0.25},
	},
	"personnelMedium":{

		"fallback":{"personnelSmall":1},
		"fallback2":{"personnelLarge":0.5},
	},
	"personnelLarge":{
		"zephyr_Basic":0.5,
		"zephyr_Assault":0.5,
		"zephyr_Support":0.5,
		
		"fallback":{"personnelMedium":1},
		"fallback2":{"personnelSmall":1},
	},
	
	"linerSmall":{

		"fallback":{"linerMedium":0.5},
		"fallback2":{"linerLarge":0.25},
	},
	"linerMedium":{

		"fallback":{"linerSmall":1},
		"fallback2":{"linerLarge":0.5},
	},
	"linerLarge":{

		"fallback":{"linerMedium":1},
		"fallback2":{"linerSmall":1},
	},
	
	# utility ships
	"tug":{
		"steer_Utility":4,
		"fallback":{"utility":1},
	},
	"crig":{

		"fallback":{"utility":1},
	},
	"utility":{

	},
	
	"orbitalStationLowTech":{

	},
	
	"battlestationLowTech":{

	},
}
