id,type,text1,text2,text3,notes
arbwork_convoy,SHIP,"The Convoy is a low-cost alternative for an escort carrier, though limited only to their build-in drone factories. Effective when deployed in numbers, but vulnerable on its own.

Fringe worlds and smaller fleets often suffered due lack of fighter support for the leading ships, but as they had too few avaliable pilots to overcome fighter casualty rates, they were unable to adress the issue for a long time. The Convoy was developed as a partial solution to the problem, completely sidestepping the need for extra crew members by making all fighters into drones. Overdriven drone assembly factories on the ship are able to quickly replenish lost craft, to provide long needed support for the fleet anchors and flagships, acting as mobile point defence, pressure, and distraction.

The main downside is that, due to streamlined production and cost-cutting, the Convoy is unable to produce any other type of fighter craft, and the current drones are fairly limited in their operation range, requiring the Convoy to be 
exclusively an escort carrier in bigger fleets.",,,
arbwork_shark,SHIP,"A very nimble one-sided broadside destroyer, the Shark relies on mobility and firepower to deliver damage and get out of trouble before sturdier, slower ships muster a proper counter-attack.

An unorthodox design, yet very adequate for its role. Due it's assymetrical design, the overloaded right half is able to concentrate a very respectable amount of firepower without sacrificing the speed. Additionally, flexible gun systems allow a multitude of layouts, making the Shark a very flexible design.

The major downside of the Shark is its own strength, a one-sided broadside. While the flanking risk is partially mitigated with powerful maneuvering thrusters, Shark captains must pay attention from which side they are approaching the enemy, as to engage from the right flank, the Shark might have to expose its engines.
",,,
arbwork_bumblebee,SHIP,"The quick and dangerous Bumblebee is a menacing frigate, and excels at aggresive tactics, but can be easily overwhelmed.",,,
arb_deadfish,SHIP,"A flexible and rather violent example of a combat freighter, the Deadfish is if anything a more professional attempt at the kind of role filled by the Buffalo MK.II, but this one exists specifically to deter those same pirates. It bears greater weaponry than would be expected of the humble construction it is composed of.",,,
arbwork_conquistador,SHIP,"A particularly striking example of an asymmetrical cruiser, the Conquistador with deep banks of armament and a particularly threatening profile in the first place. Due to the fine edge it rides in this regard, it's easy to misue, but in the hands of a competent captain it can rapidly take apart other cruisers.",,,
arbwork_crayfish,SHIP,"A somewhat overgunned frigate with supportive missile banks, the Crayfish can provide an exemplary punch in the right circumstance, but has a limited ability to defend itself from fighters. It deeply requires support, and if acting alone, can quickly be taken apart in the wrong situation.",,,
arbwork_gemini_mk2,SHIP,"A Pather conversion of the Gemini that does little more than simply strip out the hangars to shove as much ammunition support material as possible in the bulbous head, so as to serve the heavily increased weapon mounting.",,,
arbwork_headache,SHIP,"The concepts of the Mudskipper MK.II applied as smoothly as possible, this overgunned destroyer is capable of outputting quite a lot of punishment, but at the same time it risks severe vulnerability- this frigate-sized destroyer has a limited ability to support its own firepower.",,,
arbwork_highlander,SHIP,,,,
,,,,,
,,,,,
,,,,,
,,,,,
,,,,,
,,,,,
,,,,,
,,,,,
,,,,,
,,,,,
,,,,,
arbwork_flock_mk1,SHIP,A support drone,,,
arbwork_flock_mk2,SHIP,A support drone,,,
