id,type,text1,text2,text3,notes
arbwork_convoy,SHIP,"The Convoy is a low-cost alternative for an escort carrier, though limited only to their build-in drone factories. Effective when deployed in numbers, but vulnerable on its own.

Fringe worlds and smaller fleets often suffered due lack of fighter support for the leading ships, but as they had too few avaliable pilots to overcome fighter casualty rates, they were unable to adress the issue for a long time. The Convoy was developed as a partial solution to the problem, completely sidestepping the need for extra crew members by making all fighters into drones. Overdriven drone assembly factories on the ship are able to quickly replenish lost craft, to provide long needed support for the fleet anchors and flagships, acting as mobile point defence, pressure, and distraction.

The main downside is that, due to streamlined production and cost-cutting, the Convoy is unable to produce any other type of fighter craft, and the current drones are fairly limited in their operation range, requiring the Convoy to be 
exclusively an escort carrier in bigger fleets.",,,
arbwork_shark,SHIP,"A very nimble one-sided broadside destroyer, the Shark relies on mobility and firepower to deliver damage and get out of trouble before sturdier, slower ships muster a proper counter-attack.

An unorthodox design, yet very adequate for its role. Due it's assymetrical design, the overloaded right half is able to concentrate a very respectable amount of firepower without sacrificing the speed. Additionally, flexible gun systems allow a multitude of layouts, making the Shark a very flexible design.

The major downside of the Shark is its own strength, a one-sided broadside. While the flanking risk is partially mitigated with powerful maneuvering thrusters, Shark captains must pay attention from which side they are approaching the enemy, as to engage from the right flank, the Shark might have to expose its engines.
",,,
arbwork_sharkmkii,SHIP,"A very nimble one-sided broadside destroyer, the Shark relies on mobility and firepower to deliver damage and get out of trouble before sturdier, slower ships muster a proper counter-attack.

An unorthodox design, yet very adequate for its role. Due it's assymetrical design, the overloaded right half is able to concentrate a very respectable amount of firepower without sacrificing the speed. Additionally, flexible gun systems allow a multitude of layouts, making the Shark a very flexible design.

The major downside of the Shark is its own strength, a one-sided broadside. While the flanking risk is partially mitigated with powerful maneuvering thrusters, Shark captains must pay attention from which side they are approaching the enemy, as to engage from the right flank, the Shark might have to expose its engines.

This rather simple Pather conversion of the Shark cruiser does little more than adjust the position of some weapon mounts and break the safeties.",,,
arbwork_bumblebee,SHIP,"The quick and dangerous Bumblebee is a menacing frigate, and excels at aggresive tactics, but can be easily overwhelmed.",,,
arb_deadfish,SHIP,"A flexible and rather violent example of a combat freighter, the Deadfish is if anything a more professional attempt at the kind of role filled by the Buffalo MK.II, but this one exists specifically to deter those same pirates. It bears greater weaponry than would be expected of the humble construction it is composed of.",,,
arbwork_conquistador,SHIP,"A particularly striking example of an asymmetrical cruiser, the Conquistador with deep banks of armament and a particularly threatening profile in the first place. Due to the fine edge it rides in this regard, it's easy to misue, but in the hands of a competent captain it can rapidly take apart other cruisers.",,,
arbwork_crayfish,SHIP,"A somewhat overgunned frigate with supportive missile banks, the Crayfish can provide an exemplary punch in the right circumstance, but has a limited ability to defend itself from fighters. It deeply requires support, and if acting alone, can quickly be taken apart in the wrong situation.",,,
arbwork_gemini_mk2,SHIP,"A Pather conversion of the Gemini that does little more than simply strip out the hangars to shove as much ammunition support material as possible in the bulbous head, so as to serve the heavily increased weapon mounting.",,,
arbwork_headache,SHIP,"The concepts of the Mudskipper MK.II applied as smoothly as possible, this overgunned destroyer is capable of outputting quite a lot of punishment, but at the same time it risks severe vulnerability- this frigate-sized destroyer has a limited ability to support its own firepower.",,,
arbwork_highlander,SHIP,"An unusual but solid capital-class ship, seemingly made to be a jack of all trades. It excels nowhere in particular, but possesses no particular weaknesses either, allowing it to serve reliably well in most any role it is put to- though, this lack of specialization and focus on overall sustainability does prevent it from showing off the same oppressive power in the right situation as other capitals are capable of.",,,
arbwork_truth,SHIP,"A destroyer with an outsized central mount and a powerful burn system, but sacrificing health and defense.

Many research expeditions within the Sector face unusual sorts of trouble, which has led to the construction of the Truth-Class, an impressively quick destroyer with a large central turret that serves as a vanguard for more dedicated research warships. Made by the same company as the Apogee, but much more rare on the market due to it's fragile nature and lack of recovered wrecks.

Known to kill aggressive captains that overuse the ship system, only to overflux themselves among the enemy line due to the power draw of the massive central weapon.",,,
arbwork_starliner_mk2,SHIP,"An eminently inadvisable modification of the Starliner that replaces far too much of the internal hold with weapon support systems, ammo storage, and even hackneyed bays. Unstable at best and only able to fire off of the side in any case due to the hackjob nature of the conversion, this vessel is an act of desperation even by Pather standards.",,,
arbwork_tarsus_mk2,SHIP,"Effectively an upscaled Mudskipper, in that a perfectly innocent logistics ship has had nearly everything about itself sacrified in the name of forward-facing firepower. While it can briefly throw a lot of ordinance downrange, it is fragile and only barely handles the demands of its own weapon grid.",,,
arbwork_knife,SHIP,"A hardy combat freighter more heavily armed on one side, the Knife is an effective convoy defense and linebreaker, almost tough enough to qualify as a combat ship in its own right.",,,
arbwork_ludd_wrath,SHIP,"What may once have been a Prometheus has been carved and welded with other ships and excessive amounts of exposed structure to create a terrifying invocation of war- the Ludd's Wrath may not be refined in any sense of the word, and is riddled with weaknesses, both in combat and logistical, but it is nonetheless a noteworthy threat.",,,
arbwork_pangolin,SHIP,"A simple, hardy cruiser bristling with weaponry and good defenses, but without any particularly standout features. A good assignment for a new captain, and unlikely to overextended.",,,
arbwork_pangolin_p,SHIP,"A simple, hardy cruiser bristling with weaponry and good defenses, but without any particularly standout features. A good assignment for a new captain, and unlikely to overextended.

This pirate conversion reworks some of the internals and redundant defenses in order to mount an experimental flux shunt to further hardy the ship for aggressive maneuvers.",,,
arbwork_philoctetes,SHIP,"A rough duelist of a frigate, not often seen due to the ubiquity of the Lasher and the difficulty it faces in fleet actions, the Philoctetes is nevertheless quite competent in its intended role and makes for a threatening friend adjoining larger ships.",,,
,,,,,
,,,,,
,,,,,
arbwork_flock_mk1,SHIP,A support drone,,,
arbwork_flock_mk2,SHIP,A support drone,,,
