id,,
# NOTES,,
# Ship IDs entered here will be allowed for duplication.,,
# This feature is very hard to get working in campaign as a player, and lorewise, allows for duplication of even the most complex hulls.
arb_deadfish,,
arbwork_bumblebee,,
arbwork_conquistador,,
arbwork_convoy,,
arbwork_crayfish,,
arbwork_gemini_mk2,,
arbwork_headache,,
arbwork_highlander,,
arbwork_knife,,
arbwork_ludd_wrath,,
arbwork_pangolin,,
arbwork_pangolin_p,,
arbwork_philoctetes,,
arbwork_shark,,
arbwork_shark_lp,,
arbwork_starliner_mk2,,
arbwork_tarsus_mk2,,
arbwork_truth,,
