{
	# should be a copy of "combatSmall", minus variants that are annoying to fight in low numbers
	# for example, no Hyperions or fast beam-based kiting loadouts, or ships with damper field
	"combatSmallForSmallFleet":{
    "arbwork_crayfish_brawler":2,
	"arbwork_crayfish_elite":2,
	   

		
		"fallback":{"combatSmall":1},
	},
	"combatSmall":{
	"arbwork_crayfish_brawler":2,
	"arbwork_crayfish_elite":2,
	"arbwork_bumblebee_brawler":2,	
	"arbwork_bumblebee_overdriven":2,
		   
	"arbwork_philoctetes_missile":3,
	"arbwork_philoctetes_support":3,
		
		
		"fallback":{"combatMedium":0.5},
	},
	"combatMedium":{
	"arbwork_headache_escort":2,
	"arbwork_headache_support":2,

	"arbwork_gemini_mk2_righteous":3,
	
	"arbwork_tarsus_mk2_violent":3,

	
	"arbwork_truth_escort":2,
	"arbwork_truth_support":2,
		
	"arbwork_shark_beamer":3,
	"arbwork_shark_gunwall":3,
	
	"arbwork_shark_lp_knight":3,


		"fallback":{"combatSmall":1},
	},
	"combatLarge":{

    "arbwork_pangolin_frontier":3,
	
	"arbwork_pangolin_p_rusher":2,
	
    "arbwork_conquistador_assault":3,
	"arbwork_conquistador_cutter":3,
	
	"arbwork_starliner_mk2_hammerer":4,
		  

		  
		"fallback":{"combatMedium":1},
	},
	"combatCapital":{
	
	"arbwork_ludd_wrath_angry":3,

	"arbwork_highlander_anchor":2,
	"arbwork_highlander_linebreaker":2,
		"fallback":{"combatLarge":1},
	},
	
	
	# hybrid ships with good combat and cargo capacity
	"combatFreighterSmall":{

		"fallback":{"freighterSmall":1},
	},
	"combatFreighterMedium":{
	
	"arb_deadfish_frontier":2,
		"fallback":{"combatFreighterSmall":1},
	},
	"combatFreighterLarge":{

	"arbwork_knife_assault":4,
	"arbwork_knife_cutter":4,
		"fallback":{"combatFreighterMedium":1},
	},
	

	# carriers
	"carrierSmall":{
	    "arbwork_convoy_frontier":2,
		
		"fallback":{"carrierMedium":0.5},
		"fallback2":{"carrierLarge":0.25},
	},
	"carrierMedium":{

		"fallback":{"carrierSmall":1},
		"fallback2":{"carrierLarge":0.5},
	},
	"carrierLarge":{

		"fallback":{"carrierMedium":1},
		"fallback2":{"carrierSmall":1},
	},


}