name,id,designation,tech/manufacturer,system id,fleet pts,hitpoints,armor rating,max flux,8/6/5/4%,flux dissipation,ordnance points,fighter bays,max speed,acceleration,deceleration,max turn rate,turn acceleration,mass,shield type,defense id,shield arc,shield upkeep,shield efficiency,phase cost,phase upkeep,min crew,max crew,cargo,fuel,fuel/ly,range,max burn,base value,cr %/day,CR to deploy,peak CR sec,CR loss/sec,supplies/rec,supplies/mo,hints,tags,rarity,breakProb,minPieces,maxPieces,number
,,,,,,,,,,,,,,,,,,,,,,,,,,,,,,,,,,,,,,,,,,,,,,
Raider,tup_raider,,,,,600,60,500,,75,0,,220,125,75,100,200,30,NONE,,0,0,0,,,3,3,,,,,,,,,,,,,,,,0,,,1
Boartusk,tup_boartusk,,,,,300,30,450,,55,0,,280,150,100,120,240,15,NONE,,0,0,0,,,1,1,,,,,,,,,,,,,,,,0,,,2
Gull,tup_gull,,,,,500,50,700,,200,0,,250,100,100,100,175,50,FRONT,,180,0.3,0.7,,,2,2,,,,,,,,,,,,,,,,0,,,3
Buckler,tup_buckler,,,,,500,50,400,,50,0,,150,75,50,45,125,25,NONE,,0,0,0,,,3,3,,,,,,,,,,,,,,,,0,,,4
Hawk,tup_hawk,,,,,700,80,800,,150,0,,175,75,50,45,125,50,FRONT,,120,0.3,0.6,,,3,3,,,,,,,,,,,,,,,,0,,,5
,,,,,,,,,,,,,,,,,,,,,,,,,,,,,,,,,,,,,,,,,,,,,,
Foxhound,tup_foxhound,Frigate,,drone_pd_x2,4,2750,350,850,0,200,40,,170,140,70,85,105,250,NONE,,0,0,0,,,5,55,80,50,1,60,10,8000,10,15,300,0.25,3,3,,lowtech_bp,,0.5,2,2,6
Bloodhound,tup_bloodhound,Heavy Frigate,,ammofeed,5,1850,470,900,0,220,45,,175,150,75,90,110,300,NONE,,0,0,0,,,10,60,90,70,1,60,10,11000,10,15,180,0.25,4,4,,lowtech_bp,,0.5,2,2,7
Redstar,tup_redstar,Privateer,,flarelauncher,5,3250,500,1475,0,250,55,,125,75,65,60,125,350,NONE,,0,0,0,,,15,65,100,80,1,53,9,18000,10,12,240,0.25,4,4,,lowtech_bp,,0.5,2,2,8
Wolfpack,tup_wolfpack,Privateer,,flarelauncher,5,2950,425,1350,0,250,50,,115,75,65,60,120,350,NONE,,0,0,0,,,15,60,100,80,1,53,9,16000,10,10,240,0.25,4,4,,lowtech_bp,,0.5,2,2,9
Underdog,tup_underdog,Frigate,,maneuveringjets,2,1750,120,700,0,180,30,,190,160,90,80,100,150,NONE,,0,0,0,,,4,8,25,20,0.5,60,11,4800,15,10,180,0.25,2,2,,midline_bp,,0.5,2,2,10
Hawk Ranger,tup_hawkmk2,Escort Corvette,,maneuveringjets,3,1350,120,650,0,125,30,,150,75,50,45,125,100,FRONT,,120,0.3,0.9,,,3,6,25,25,0.5,80,10,4000,12,10,180,0.25,3,3,,midline_bp,,0.5,2,2,11
Sentinel,tup_sentinel,Frigate,,flarelauncher,5,1550,125,2150,0,150,50,,120,100,75,40,90,150,OMNI,,60,0.3,0.9,,,5,45,70,60,1,50,10,9600,10,12,240,0.25,3,3,,lowtech_bp,,0.5,2,2,12
Sentinel Mk2,tup_sentinelmk2,Heavy Frigate,,drone_pd_x2,6,1850,145,2250,0,175,50,,130,100,75,40,90,175,OMNI,,75,0.3,0.9,,,10,50,75,65,1,50,10,12000,10,12,240,0.25,6,6,,lowtech_bp,0.8,0.5,2,2,13
Striker,tup_striker,Frigate,,burndrive,5,2350,225,2450,0,145,55,,85,85,65,55,85,250,OMNI,,120,0.2,0.9,,,10,60,60,50,1,40,10,8800,10,12,240,0.25,4,4,,lowtech_bp,,0.5,2,2,14
Striker Mk2,tup_strikermk2,Heavy Frigate,,burndrive,6,2850,265,2750,0,165,60,,95,85,65,55,85,275,OMNI,,120,0.2,0.9,,,15,70,65,75,1,40,10,12000,10,12,240,0.25,5,5,,lowtech_bp,0.8,0.5,2,2,15
Timberwolf,tup_timberwolf,Frigate,,maneuveringjets,5,2150,185,2400,0,165,60,,130,100,80,60,120,250,FRONT,,100,0.25,0.8,,,5,50,65,55,1,53,10,11000,10,15,180,0.25,4,4,,midline_bp,,0.5,2,2,16
Timberwolf Mk2,tup_timberwolfmk2,Heavy Frigate,,fastmissileracks,7,2275,225,2500,0,175,65,,110,90,75,55,100,300,FRONT,,120,0.25,0.8,,,7,70,70,60,1,53,9,13000,10,15,180,0.25,7,7,,midline_bp,0.8,0.5,2,2,17
Wrestler,tup_wrestler,Gunship,,ammofeed,5,3000,325,3000,0,325,55,,90,170,120,60,120,275,FRONT,,130,0.3,0.8,,,10,45,70,70,1,40,9,11000,10,12,180,0.25,5,5,,midline_bp,,0.5,2,2,18
Wrestler Mk2,tup_wrestlermk2,Heavy Gunship,,ammofeed,6,3500,375,3750,0,350,60,,100,175,130,65,125,300,FRONT,,140,0.3,0.8,,,15,50,80,80,1,40,9,14000,10,12,180,0.25,6,6,,midline_bp,0.8,0.5,2,2,19
Thunderchild,tup_thunderchild,Shuttle,,drone_pd,8,1850,235,2500,0,200,50,,200,190,170,90,260,250,OMNI,,120,0.4,0.8,,,15,60,60,60,2,44,11,32000,10,20,180,0.25,8,8,,hightech_bp,0.7,0.5,2,2,20
Platypus,tup_platypus,Missile Frigate,,fastmissileracks,6,2500,250,3500,0,300,50,,80,160,100,60,100,250,NONE,,0,0,0,,,15,45,50,50,1,40,9,11000,10,10,180,0.25,3,3,,lowtech_bp,,0.5,2,2,21
Owen,tup_owen,Frigate,,fortressshield,6,1750,150,4250,0,125,50,,80,125,100,60,120,200,OMNI,,300,0.5,0.8,,,10,50,35,45,1,50,10,14000,10,10,240,0.25,6,6,,hightech_bp,,0.5,2,2,22
Icarus,tup_icarus,Frigate,,phaseteleporter,8,750,175,3500,0,300,50,,170,175,150,125,500,125,FRONT,,300,0.6,0.8,,,5,20,20,20,1,50,10,38000,10,20,180,0.25,4,4,,hightech_bp,0.6,0.5,2,2,23
Moth,tup_moth,Combat Frigate,,burndrive,4,2750,325,2000,0,125,60,,70,50,40,50,40,300,FRONT,,120,0.5,0.8,,,20,65,125,75,1,48,9,14000,8,12,180,0.25,4,4,,lowtech_bp,,0.5,2,2,24
Ryker,tup_ryker,Converted Tanker,,flarelauncher,4,1750,200,1500,0,125,30,,110,50,50,30,60,250,OMNI,,90,0.5,1.1,,,5,30,30,80,1,350,9,13000,10,10,240,0.25,3,3,,lowtech_bp,,0.5,2,2,25
Skylark SE,tup_skylarke,Hauler,,maneuveringjets,2,2000,175,1000,0,100,30,,160,95,85,95,125,130,OMNI,,120,0.5,1,,,5,30,80,80,1,80,11,6400,10,15,180,0.25,3,3,CIVILIAN,midline_bp,,0.5,2,2,26
Skylark SC,tup_skylarkc,Hauler,,maneuveringjets,2,2000,175,1000,0,100,30,,120,90,80,90,120,125,OMNI,,120,0.5,1,,,5,30,125,50,1,80,10,6400,10,15,180,0.25,1,1,CIVILIAN,midline_bp,,0.5,2,2,27
Skylark SF,tup_skylarkf,Hauler,,maneuveringjets,2,2000,175,1000,0,100,30,,120,90,80,90,120,125,OMNI,,120,0.5,1,,,5,30,50,125,0.5,80,10,6400,10,15,180,0.25,3,3,CIVILIAN,midline_bp,,0.5,2,2,28
Steer,tup_steer,Tug,,flarelauncher,2,850,130,550,0,55,18,,125,200,150,50,100,200,NONE,,0,0,0,,,5,10,10,20,3,10,9,20000,10,20,180,0.25,3,3,CIVILIAN,midline_bp,,0.5,2,2,29
Rurhland,tup_rurhland,Freighter,,damper,3,2500,375,2000,0,150,30,,110,60,50,75,50,250,FRONT,,90,0.5,1.2,,,5,15,100,25,1,50,10,8000,10,10,240,0.25,3,3,FREIGHTER,midline_bp,,0.5,2,2,30
,,,,,,,,,,,,,,,,,,,,,,,,,,,,,,,,,,,,,,,,,,,,,,
Marshall,tup_marshall,Light Destroyer,,ammofeed,9,4000,700,4700,0,250,100,,90,60,40,45,25,450,OMNI,,160,0.5,1,,,40,95,80,120,2,55,9,20000,5,12,420,0.25,9,9,,lowtech_bp,,0.5,2,2,31
Talus,tup_talus,Carrier Freighter,,drone_pd_x2,8,5950,375,2150,2083,175,70,1,55,45,35,25,20,450,OMNI,,70,0.66,1,,,20,150,200,100,2,55,9,16000,6,15,300,0.25,8,8,,midline_bp,,0.5,2,2,32
Jules,tup_jules,Missile Barge,,burndrive,8,3500,350,3500,0,250,80,,60,40,20,30,20,500,OMNI,,130,0.4,1,,,35,70,80,100,2,55,9,20000,5,12,300,0.25,8,8,,midline_bp,,0.5,2,2,33
Hedgehog,tup_hedgehog,Missile Destroyer,,fastmissileracks,10,6000,525,4000,0,250,100,,80,60,40,30,60,450,NONE,,90,0.3,0.8,,,35,150,105,105,2,55,9,26000,5,15,360,0.25,9,9,,lowtech_bp,0.9,0.5,2,2,34
Barracuda,tup_barracuda,Destroyer,,maneuveringjets,10,4500,400,5000,0,300,95,,100,75,50,25,60,400,FRONT,,120,0.4,0.8,,,35,150,140,140,2,55,9,24000,5,12,300,0.25,9,9,,midline_bp,,0.5,2,2,35
Void,tup_void,Science Ship,,drone_sensor,9,3500,250,4000,0,250,75,,90,100,75,25,50,350,OMNI,,180,0.4,0.8,,,40,180,175,175,2,100,8,20000,5,20,300,0.25,8,8,,"midline_bp, pirate_bp",,0.5,2,2,36
Wildebeest,tup_wildebeest,Destroyer,,flarelauncher,6,3750,175,2500,0,150,80,,90,70,45,25,35,350,NONE,,0,0,0,,,20,60,80,80,2,50,9,12000,5,12,240,0.25,5,5,,lowtech_bp,,0.5,2,2,37
Buck,tup_buck,Combat Liner,,flarelauncher,7,6000,600,3500,0,175,85,,60,35,20,20,20,500,OMNI,,120,0.4,1,,,30,180,200,150,2,50,9,16000,5,10,240,0.25,7,7,,midline_bp,,0.5,2,2,38
Buck Mk2,tup_buckmk2,Armoured Liner,,flarelauncher,8,6500,800,3500,0,175,85,,50,35,20,20,20,550,OMNI,,120,0.4,1,,,30,180,200,150,2,50,9,17000,5,10,240,0.25,8,8,,midline_bp,0.8,0.5,2,2,39
Hermit,tup_hermit,Utility Ship,,burndrive,11,3500,850,2750,0,225,90,1,80,50,25,25,30,400,FRONT,,90,0.3,0.8,,,25,75,100,150,3,60,8,30000,5,12,240,0.25,10,10,,midline_bp,,0.5,2,2,40
Annihilator,tup_annihilator,Heavy Destroyer,,flarelauncher,11,6250,550,4500,0,275,100,,90,60,40,30,60,500,FRONT,,90,0.3,0.9,,,30,120,100,100,2,55,9,22000,5,15,360,0.25,10,10,,lowtech_bp,,0.5,2,2,41
Daedalus,tup_daedalus,Destroyer,,displacer,12,3500,275,5500,0,425,90,,105,90,60,40,100,350,OMNI,,120,0.2,0.8,,,30,60,60,90,2,60,9,27000,5,20,300,0.25,12,12,,hightech_bp,0.7,0.5,2,2,42
Buzzard,tup_buzzard,Pocket Cruiser,,maneuveringjets,12,5000,600,6000,0,300,110,,80,60,35,20,25,600,FRONT,,240,0.4,0.8,,,50,175,125,175,3,50,8,30000,5,12,420,0.25,12,12,,midline_bp,,0.5,2,2,43
Buffalo XL,tup_buffaloxl,Freighter,,drone_pd_x2,6,4000,175,2000,1167,100,40,,40,25,20,15,7,600,OMNI,,120,0.5,1,,,15,30,450,80,2.5,40,9,20000,5,20,240,0.25,4,4,"CIVILIAN, FREIGHTER",,,0.6,2,3,44
Sojourner,tup_sojourner,Carrier,,plasmajets,15,3000,250,3000,0,200,80,3,40,50,45,25,20,400,OMNI,,300,0.6,0.8,,,80,160,30,50,2,55,9,36000,6,20,300,0.25,15,15,CARRIER,midline_bp,0.5,0.5,2,2,45
Innogen,tup_innogen,Destroyer,,ammofeed,10,4000,350,2800,0,250,80,,70,70,60,40,50,350,OMNI,,120,0.6,0.9,,,25,50,50,50,2,60,9,24000,5,15,300,0.25,10,10,,hightech_bp,,0.5,2,2,46
,,,,,,,,,,,,,,,,,,,,,,,,,,,,,,,,,,,,,,,,,,,,,,
Damocles,tup_damocles,Converted Freighter,,burndrive,11,12000,1000,7000,0,350,125,1,45,20,15,25,15,3000,OMNI,,65,0.4,0.9,,,25,150,800,500,4,40,7,50000,4,10,540,0.25,13,13,,midline_bp,,0.5,2,4,47
Lance,tup_lance,Light Carrier,,reservewing,11,6500,400,2750,0,200,100,2,50,50,40,25,20,600,FRONT,,260,0.6,0.9,,,40,160,300,150,3,55,8,32000,5,15,360,0.25,11,11,CARRIER,midline_bp,,0.5,2,2,48
Rover,tup_rover,Light Carrier,,targetingfeed,14,6500,500,3000,0,225,110,3,75,60,50,30,25,600,OMNI,,100,0.6,0.9,,,35,140,210,280,3,55,8,45000,5,15,360,0.25,14,14,CARRIER,lowtech_bp,,0.5,2,2,49
Mace,tup_mace,Light Cruiser,,drone_pd_x2,13,8000,650,6500,0,375,125,,70,50,30,20,25,700,FRONT,,200,0.4,0.8,,,75,200,250,200,3,60,8,32000,5,15,420,0.25,13,13,,midline_bp,,0.5,2,3,50
Phoenix,tup_phoenix,Civilian Cruiser,,drone_pd,12,7500,500,2600,0,185,120,1,80,60,60,30,45,500,OMNI,,100,0.3,0.8,,,50,275,280,255,3,60,9,24000,5,15,420,0.25,12,12,,midline_bp,,0.5,2,3,51
Annihilator Mk2,tup_annihilatormk2,Light Cruiser,,flarelauncher,15,6750,625,5000,0,350,130,,80,50,35,30,60,550,FRONT,,90,0.3,0.9,,,40,120,110,110,3,80,8,36000,5,15,360,0.25,15,15,,lowtech_bp,0.8,0.5,2,3,52
Centaur,tup_centaur,Heavy Cruiser,,highenergyfocus,20,10000,700,14500,0,900,160,,70,55,25,25,25,2000,OMNI,,140,0.6,0.8,,,35,250,200,200,4,80,8,64000,4,20,480,0.25,20,20,,midline_bp,,0.5,2,3,53
Perigee,tup_perigee,Heavy Cruiser,,drone_sensor,25,10000,700,12500,0,750,150,,70,45,35,25,30,2200,FRONT,,360,0.6,0.8,,,100,400,500,350,4,60,8,64000,4,15,480,0.25,25,25,,midline_bp,,0.5,2,3,54
Taskmaster,tup_taskmaster,Heavy Cruiser,,burndrive,25,12000,1400,11000,0,500,180,,15,15,5,10,10,2500,FRONT,,200,0.4,1,,,150,300,300,300,6,60,7,72000,4,10,480,0.25,25,25,,lowtech_bp,,0.5,2,3,55
Stampede,tup_stampede,Ramming Cruiser,,burndrive,18,9500,1650,12000,0,600,110,,80,40,20,20,20,4000,FRONT,,120,0.6,0.8,,,40,160,180,180,3,55,8,72000,5,15,480,0.25,18,18,,midline_bp,,0.5,2,3,56
,,,,,,,,,,,,,,,,,,,,,,,,,,,,,,,,,,,,,,,,,,,,,,
Zephyr,tup_zephyr,Colony Freighter,,burndrive,8,15000,500,7500,0,250,55,,70,25,20,30,10,5000,FRONT,,360,0.7,1,,,50,2000,400,400,8,40,6,40000,4,20,540,0.25,8,8,CIVILIAN,midline_bp,,0.5,2,4,57
Overlord,tup_overlord,Salvage Freighter,,burndrive,28,12500,1175,9000,0,525,180,2,50,25,20,25,20,3250,OMNI,,95,0.5,0.7,,,55,175,600,450,8,80,7,80000,5,10,600,0.25,25,25,,lowtech_bp,,0.5,2,4,58
Cormorant,tup_cormorant,Carrier,,drone_pd_x2,35,15000,1250,12000,0,600,275,4,25,15,10,7,4,4000,OMNI,,120,0.6,0.8,,,100,1000,500,500,10,50,7,160000,4,20,540,0.25,35,35,CARRIER,midline_bp,,0.5,2,4,59
Dreadnought,tup_dreadnought,Battlecruiser,,burndrive,40,17500,1500,18000,0,1000,320,,35,20,15,5,5,3000,OMNI,,90,0.4,1,,,350,1000,500,500,12,40,7,180000,3,15,540,0.25,40,40,,lowtech_bp,,0.5,2,4,60
Event Horizon,tup_eventhorizon,Battleship,,drone_pd,50,16500,1250,23000,0,1000,350,,35,20,15,5,5,3000,OMNI,,360,0.6,0.6,,,400,900,350,700,10,50,7,240000,3,20,540,0.25,50,50,HIDE_IN_CODEX,rare_bp,0.5,0.5,2,4,61
