id,variant,tags,tier,rarity,fleet pts,op cost,formation,range,attackRunRange,num,role,role desc,refit,base value,,,,,,,,,,,,,number
tup_boartusk_wing,boartusk_Fighter,"interceptor1, interceptor, low, lowtech_bp",0,,3,6,V,5000,500,3,INTERCEPTOR,Interceptor,8,6000,,,,,,,,,,,,,1
tup_raider_wing,raider_Fighter,"fighter3, fighter, mid, midline_bp",1,,4,8,V,5000,500,2,FIGHTER,Fighter,10,10000,,,,,,,,,,,,,2
tup_gull_wing,gull_Fighter,"interceptor3, interceptor, mid, midline_bp",0,,4,8,V,5000,500,3,INTERCEPTOR,Interceptor,10,8000,,,,,,,,,,,,,3
tup_buckler_wing,buckler_Bomber,"bomber3, bomber, low, lowtech_bp",1,,5,12,V,5000,2500,3,BOMBER,Bomber,15,11000,,,,,,,,,,,,,4
tup_hawk_wing,hawk_Corvette,"fighter4, fighter, mid, midline_bp",2,,5,12,BOX,5000,1000,2,FIGHTER,Heavy Fighter,15,12500,,,,,,,,,,,,,5
