name,id,designation,tech/manufacturer,system id,fleet pts,hitpoints,armor rating,max flux,8/6/5/4%,flux dissipation,ordnance points,fighter bays,max speed,acceleration,deceleration,max turn rate,turn acceleration,mass,shield type,defense id,shield arc,shield upkeep,shield efficiency,phase cost,phase upkeep,min crew,max crew,cargo,fuel,fuel/ly,range,max burn,base value,cr %/day,CR to deploy,peak CR sec,CR loss/sec,supplies/rec,supplies/mo,c/s,c/f,f/s,f/f,crew/s,crew/f,hints,tags,rarity,breakProb,minPieces,maxPieces,travel drive,number
#FRIGATES,,,,,,,,,,,,,,,,,,,,,,,,,,,,,,,,,,,,,,,,,,,,,,,,,,,,,
Convoy,arbwork_convoy,Drone Tender,Low Tech,reservewing,4,1500,325,1800,,125,30,2,95,120,65,30,20,290,FRONT,,90,0.4,1,,,25,30,55,40,1,40,9,12500,5,20,300,0.25,4,4,117,117,,,,,CARRIER,"base_bp, ind",,0.5,2,2,,190
Bumblebee,arbwork_bumblebee,Frigate,Midline,plasmajets,7,2000,300,2300,,220,50,,120,120,110,90,160,200,FRONT,,120,0.5,0.9,,,15,20,30,30,1,30,10,30000,5,20,240,0.25,5,5,117,117,,,,,,"rare_bp, merc",0.8,0.5,2,3,,191
Crayfish,arbwork_crayfish,Frigate,Midline,flarelauncher_active,6,2000,250,2200,,180,45,,120,110,100,70,90,200,OMNI,,120,0.4,0.8,,,12,25,30,30,1,30,10,30000,5,20,240,0.25,4,4,117,117,,,,,,"rare_bp, merc",,0.5,2,3,,192
Philoctetes,arbwork_philoctetes,Frigate,Midline,fortressshield,5,1200,350,1900,,130,38,,100,100,85,45,90,160,FRONT,,120,0.4,0.9,,,15,25,40,25,1,25,10,10000,8,10,240,0.25,5,5,,,,,,,,"midline_bp, merc",0.6,0.5,2,2,,193
,,,,,,,,,,,,,,,,,,,,,,,,,,,,,,,,,,,,,,,,,,,,,,,,,,,,,
#DESTROYERS,,,,,,,,,,,,,,,,,,,,,,,,,,,,,,,,,,,,,,,,,,,,,,,,,,,,,
Headache,arbwork_headache,Light destroyer,Midline,ammofeed,12,3750,350,4800,,400,92,,85,90,70,25,70,330,FRONT,,140,0.3,0.8,,,45,50,35,50,2,25,9,34000,5,10,300,0.25,12,12,,,,,,,,"midline_bp, merc",0.7,0.5,2,3,,194
Truth,arbwork_truth,Attack destroyer,Hightech,microburn,9,4000,250,7000,,500,90,,95,80,65,30,60,370,FRONT,,240,0.4,1.2,,,40,55,40,50,2,25,9,45000,5,10,380,0.25,10,10,36,125,,,,,,"hightech_bp, merc",0.7,0.5,2,3,,195
Deadfish,arb_deadfish,Combat Freighter,Midline,flarelauncher,9,4500,330,3000,,150,80,,75,50,33,25,28,500,OMNI,,120,0.4,1,,,40,100,250,80,2,40,9,34000,5,10,380,0.25,9,9,36,125,,,,,,"base_bp, ind",0.8,0.5,2,3,,196
Shark,arbwork_shark,Warship,Midline,maneuveringjets,9,4000,400,4200,,300,90,,95,90,60,30,60,370,OMNI,,120,0.4,1,,,55,80,80,50,2,25,9,38000,5,10,360,0.25,12,12,36,125,,,,,,"midline_bp, merc",0.5,0.5,2,3,,197
#Pathers,,,,,,,,,,,,,,,,,,,,,,,,,,,,,,,,,,,,,,,,,,,,,,,,,,,,,
Gemini MK.II,arbwork_gemini_mk2,Warship,Luddic Path,burndrive,10,5400,300,2700,,170,85,,60,35,15,25,20,400,FRONT,,150,0.4,0.8,,,45,80,100,70,2,35,9,36000,5,10,360,0.25,9,9,28,125,,,,,,LP_bp,,0.6,2,3,,198
Tarsus MK.III,arbwork_tarsus_mk2,Freighter,Luddic Path,burndrive,8,5100,480,1800,,125,55,,45,35,25,25,15,400,OMNI,,120,0.7,1.2,,,30,80,350,80,3,25,8,18000,5,20,420,0.25,7,7,117,117,,,,,ALWAYS_PANIC,LP_bp,,0.5,2,3,,199
Shark MK.II,arbwork_shark_lp,Warship,Luddic Path,maneuveringjets,9,4000,400,4200,,300,90,,95,60,40,30,60,370,OMNI,,120,0.4,1,,,55,80,80,50,2,25,9,38000,5,10,340,0.25,12,12,36,125,,,,,ALWAYS_PANIC,LP_bp,0.5,0.5,2,3,,310
,,,,,,,,,,,,,,,,,,,,,,,,,,,,,,,,,,,,,,,,,,,,,,,,,,,,,
#CRUISERS,,,,,,,,,,,,,,,,,,,,,,,,,,,,,,,,,,,,,,,,,,,,,,,,,,,,,
Knife,arbwork_knife,Combat Freighter,Low Tech,maneuveringjets,14,7500,700,5500,,280,100,,40,28,20,25,15,1000,OMNI,,120,0.4,1,,,80,200,400,120,3,40,8,75000,3,12,420,0.25,14,14,36,125,,,,,,"base_bp, ind",0.7,0.5,2,3,,200
Conquistador,arbwork_conquistador,Warship,Midline,maneuveringjets,14,7000,1000,10000,,650,175,,50,40,20,15,20,1050,OMNI,,120,0.4,0.8,,,160,230,100,100,3,33,8,120000,3,12,480,0.25,22,22,36,125,,,,,,"rare_bp, merc",0.6,0.5,2,3,,201
Pangolin,arbwork_pangolin,Light cruiser,Midline,microburn,12,6200,1100,6200,,340,120,,60,40,30,15,20,900,OMNI,,270,0.4,0.8,,,100,200,135,100,3,33,8,85000,5,12,500,0.25,15,15,,,,,,,,"rare_bp, merc",,0.4,2,3,,202
#Pathers,,,,,,,,,,,,,,,,,,,,,,,,,,,,,,,,,,,,,,,,,,,,,,,,,,,,,
Starliner MK.III,arbwork_starliner_mk2,Combat Carrier,Luddic Path,maneuveringjets,13,6600,620,5000,,210,100,1,50,30,15,20,15,1100,OMNI,,120,0.4,1,,,140,180,80,100,3,33,8,69000,5,10,420,0.25,14,14,36,125,,,,,ALWAYS_PANIC,"rare_bp, LP_bp",0.8,0.5,2,3,,203
#Pirate,,,,,,,,,,,,,,,,,,,,,,,,,,,,,,,,,,,,,,,,,,,,,,,,,,,,,
Pangolin (P),arbwork_pangolin_p,Light cruiser,Pirate,microburn,12,6200,1100,6200,,330,120,,60,40,30,15,20,900,OMNI,,60,0.4,1,,,100,200,135,100,3,33,8,85000,5,12,480,0.25,15,15,,,,,,,,"rare_bp, pirate_bp",0.7,0.4,2,3,,204
,,,,,,,,,,,,,,,,,,,,,,,,,,,,,,,,,,,,,,,,,,,,,,,,,,,,,
#CAPITALS,,,,,,,,,,,,,,,,,,,,,,,,,,,,,,,,,,,,,,,,,,,,,,,,,,,,,
Highlander,arbwork_highlander,Warship,Midline,ammofeed,26,14000,1450,20000,,1000,280,2,48,27,19,8,5,2350,OMNI,,90,0.4,1.2,,,420,490,300,300,9,30,8,54000,3,14,600,0.25,42,42,36,125,,,,,,"rare_bp, merc",,0.5,2,4,,205
#Pathers,,,,,,,,,,,,,,,,,,,,,,,,,,,,,,,,,,,,,,,,,,,,,,,,,,,,,
Ludd's Wrath,arbwork_ludd_wrath,Warship,Luddic Path,burndrive,28,19000,1500,12000,,500,310,3,25,20,10,8,5,3900,FRONT,,180,0.4,1,,,650,850,250,500,12,40,7,54000,5,10,500,0.25,40,40,36,125,,,,,,LP_bp,0.5,0.5,2,3,,206
,,,,,,,,,,,,,,,,,,,,,,,,,,,,,,,,,,,,,,,,,,,,,,,,,,,,,
,,,,,,,,,,,,,,,,,,,,,,,,,,,,,,,,,,,,,,,,,,,,,,,,,,,,,
,,,,,,,,,,,,,,,,,,,,,,,,,,,,,,,,,,,,,,,,,,,,,,,,,,,,,
,,,,,,,,,,,,,,,,,,,,,,,,,,,,,,,,,,,,,,,,,,,,,,,,,,,,,
#FIGHTERS,,,,,,,,,,,,,,,,,,,,,,,,,,,,,,,,,,,,,,,,,,,,,,,,,,,,,
#Builtins,,,,,,,,,,,,,,,,,,,,,,,,,,,,,,,,,,,,,,,,,,,,,,,,,,,,,
Flock MKI,arbwork_flock_mk1,,,,,200,35,200,,100,,,100,200,200,180,360,5,NONE,,,,,,,0,0,,,,,,,,,,,,,,,,,,,,,,0,,,,1.5
Flock MKII,arbwork_flock_mk2,,,,,350,45,200,,100,,,100,200,200,180,360,5,NONE,,,,,,,0,0,,,,,,,,,,,,,,,,,,,,,,0,,,,1.5
