name,id,designation,tech/manufacturer,system id,fleet pts,hitpoints,armor rating,max flux,8/6/5/4%,flux dissipation,ordnance points,fighter bays,max speed,acceleration,deceleration,max turn rate,turn acceleration,mass,shield type,defense id,shield arc,shield upkeep,shield efficiency,phase cost,phase upkeep,min crew,max crew,cargo,fuel,fuel/ly,range,max burn,base value,cr %/day,CR to deploy,peak CR sec,CR loss/sec,supplies/rec,supplies/mo,c/s,c/f,f/s,f/f,crew/s,crew/f,hints,tags,rarity,breakProb,minPieces,maxPieces,travel drive,number
Gemini MK.II,arbwork_gemini_mk2,Warship,Midline,burndrive,10,5400,300,2700,,170,85,,60,35,15,25,20,400,FRONT,,150,0.4,0.8,,,45,80,100,70,2,35,9,36000,4,9,360,0.25,9,9,28,125,,,,,,LP_bp,,0.6,2,3,,302
Tarsus MK.III,arbwork_tarsus_mk2,Freighter,Low Tech,burndrive,6,5100,480,1800,,125,55,,45,35,25,25,15,400,OMNI,,120,0.66,1.2,,,30,80,350,80,3,27,8,18000,5,20,420,0.25,5,5,117,117,,,,,ALWAYS_PANIC,LP_bp,,0.5,2,3,,306
Convoy,arbwork_convoy,Drone factory,Low Tech,reservewing,4,1500,325,1800,,125,25,2,98,120,65,30,20,290,FRONT,,90,0.4,1,,,25,30,55,40,1,27,8,12500,5,20,420,0.25,4,4,117,117,,,,,CARRIER,base_bp,,0.5,2,2,,306
Bumblebee,arbwork_bumblebee,Frigate,Midline,plasmajets,7,2000,300,2300,,220,50,,120,120,110,90,160,200,FRONT,,120,0.5,0.9,,,15,20,30,30,1,27,10,30000,5,20,200,0.25,6,6,117,117,,,,,,"rare_bp, merc",,0.5,2,3,,306
Crayfish,arbwork_crayfish,Frigate,Midline,flarelauncher_active,5,2000,250,2200,,180,45,,120,110,100,70,90,200,OMNI,,120,0.4,0.85,,,12,25,30,30,1,27,10,30000,5,20,200,0.25,4,4,117,117,,,,,,"rare_bp, merc",,0.5,2,3,,306
Philoctetes,arbwork_philoctetes,Frigate,Midline,fortressshield,5,1200,350,1900,,130,38,,100,100,85,45,90,160,FRONT,,120,0.4,0.9,,,15,25,40,25,1,25,10,10000,8,10,240,0.25,4,4,,,,,,,,"midline_bp, merc",,0.5,2,2,,208
Headache,arbwork_headache,Light destroyer,Midline,ammofeed,9,3000,290,480,,400,92,,85,90,70,25,70,330,FRONT,,140,0.28,0.8,,,45,50,35,50,2,40,9,34000,4,9,300,0.25,9,9,,,,,,,,"midline_bp, merc",,0.5,2,3,,209
Shark,arbwork_shark,Warship,Midline,maneuveringjets,9,4000,250,4200,,250,90,,95,90,60,30,60,370,OMNI,,100,0.4,0.95,,,55,80,80,50,2,40,9,38000,5,10,340,0.25,10,10,36,125,,,,,,"midline_bp, merc",,0.5,2,3,,310
Truth,arbwork_truth,Attack destroyer,Hightech,microburn,9,4000,250,7000,,500,90,,95,80,65,30,60,370,FRONT,,240,0.36,1.2,,,40,55,40,50,2,40,9,45000,5,10,380,0.25,10,10,36,125,,,,,,"hightech_bp, merc",,0.5,2,3,,310
Shark MK.II,arbwork_shark_lp,Warship,Midline,maneuveringjets,9,4000,250,4200,,250,90,,95,60,40,30,60,370,OMNI,,100,0.4,0.95,,,55,80,80,50,2,40,9,38000,5,10,340,0.25,10,10,36,125,,,,,ALWAYS_PANIC,LP_bp,,0.5,2,3,,310
Deadfish,arb_deadfish,Combat Freighter,Midline,flarelauncher,9,4500,330,3000,,150,80,,75,50,33,25,28,500,OMNI,,120,0.4,1,,,40,100,250,80,2,40,9,34000,5,10,380,0.25,7,7,36,125,,,,,,base_bp,,0.5,2,3,,310
Knife,arbwork_knife,Combat Freighter,Low Tech,maneuveringjets,16,7500,700,5500,,280,100,,40,28,20,25,15,1000,OMNI,,120,0.4,1,,,80,200,400,120,3,40,8,75000,3,12,420,0.25,12,12,36,125,,,,,,base_bp,,0.5,2,3,,401
Conquistador,arbwork_conquistador,Warship,Midline,maneuveringjets,14,7000,1000,10000,,550,155,,50,40,20,15,20,1050,OMNI,,120,0.4,0.8,,,160,230,100,100,3,40,8,120000,3,12,480,0.25,21,21,36,125,,,,,,"rare_bp, merc",,0.5,2,3,,401
Pangolin,arbwork_pangolin,Light cruiser,Midline,microburn,12,6200,1100,6200,,340,120,,60,40,30,15,20,900,OMNI,,270,0.4,0.8,,,100,200,135,100,3,40,8,85000,5,12,500,0.25,15,15,,,,,,,,"rare_bp, merc",,0.4,2,3,,
Pangolin (P),arbwork_pangolin_p,Light cruiser,Midline,microburn,12,6200,1100,6200,,330,120,,60,40,30,15,20,900,OMNI,,60,0.4,0.95,,,100,200,135,100,3,40,8,85000,5,12,480,0.25,15,15,,,,,,,,"rare_bp, pirate_bp",,0.4,2,3,,
Starliner MK.III,arbwork_starliner_mk2,Combat Carrier,Low Tech,maneuveringjets,13,6600,620,5000,,210,100,1,50,30,15,20,15,1100,OMNI,,120,0.4,1,,,140,180,80,100,3,40,8,69000,5,10,420,0.25,12,12,36,125,,,,,ALWAYS_PANIC,"rare_bp, LP_bp",,0.5,2,3,,402
Ludd's Wrath,arbwork_ludd_wrath,Warship,Low Tech,burndrive,28,19000,1500,12000,,500,260,3,25,20,10,8,5,3900,FRONT,,180,0.4,1,,,650,850,250,500,18,40,7,54000,5,10,500,0.25,40,40,36,125,,,,,,base_bp,,0.5,2,3,,509
Highlander,arbwork_highlander,Warship,Midline,ammofeed,22,14000,1450,20000,,1000,230,2,48,27,19,8,5,2350,OMNI,,90,0.4,1.15,,,420,490,300,300,9,30,8,54000,3,14,600,0.25,35,35,36,125,,,,,,rare_bp,,0.5,2,4,,510
,,,,,,,,,,,,,,,,,,,,,,,,,,,,,,,,,,,,,,,,,,,,,,,,,,,,,
Flock MKI,arbwork_flock_mk1,,,,,200,35,200,,100,2,,100,200,200,180,360,5,NONE,,,,,,,0,0,,,,,,,,,,,,,,,,,,,,,,0,,,,1.5
Flock MKII,arbwork_flock_mk2,,,,,350,45,200,,100,4,,100,200,200,180,360,5,NONE,,,,,,,0,0,,,,,,,,,,,,,,,,,,,,,,0,,,,1.5
