name,id,designation,tech/manufacturer,system id,fleet pts,hitpoints,armor rating,max flux,8/6/5/4%,flux dissipation,ordnance points,fighter bays,max speed,acceleration,deceleration,max turn rate,turn acceleration,mass,shield type,defense id,shield arc,shield upkeep,shield efficiency,phase cost,phase upkeep,min crew,max crew,cargo,fuel,fuel/ly,range,max burn,base value,cr %/day,CR to deploy,peak CR sec,CR loss/sec,supplies/rec,supplies/mo,hints,tags,rarity,breakProb,minPieces,maxPieces,number
Heresy,diableavionics_heresy,Juggernaut,Diable Avionics,maneuveringjets,65,30000,1400,15000,,800,285,5,25,8,4,3,1.5,7150,FRONT,,90,0.5,1,,,1050,1400,1150,800,20,,7,714999,2,25,960,0.06,108,108,SHIP_WITH_MODULES,"rare_bp,diable_ship_bp",1,0.75,3,5,1
Juggerplate,diableavionics_heresy_armor_upper_left,Segment,,diableavionics_fluxredirection,10,6000,800,8000,,800,240,,30,12,8,4,2,1750,NONE,,,,,,,,,,,,,,,,1,,,,,"UNBOARDABLE, HIDE_IN_CODEX",,,1,2,3,1.01
Juggerplate,diableavionics_heresy_armor_upper_right,Segment,,diableavionics_fluxredirection,10,6000,800,8000,,800,240,,30,12,8,4,2,1750,NONE,,,,,,,,,,,,,,,,1,,,,,"UNBOARDABLE, HIDE_IN_CODEX",,,1,2,3,1.02
Juggerplate,diableavionics_heresy_armor_lower_left,Segment,,diableavionics_fluxredirection,10,8000,900,10000,,1000,205,,30,12,8,4,2,2350,NONE,,,,,,,,,,,,,,,,1,,,,,"UNBOARDABLE, HIDE_IN_CODEX",,,1,2,3,1.03
Juggerplate,diableavionics_heresy_armor_lower_right,Segment,,diableavionics_fluxredirection,10,8000,900,10000,,1000,205,,30,12,8,4,2,2350,NONE,,,,,,,,,,,,,,,,1,,,,,"UNBOARDABLE, HIDE_IN_CODEX",,,1,2,3,1.04
