{
	# should be a copy of "combatSmall", minus variants that are annoying to fight in low numbers
	# for example, no Hyperions or fast beam-based kiting loadouts, or ships with damper field
	"combatSmallForSmallFleet":{
	},
	"combatSmall":{
	},
	"combatMedium":{
	},
	"combatLarge":{
	},
	"combatCapital":{
            "diableavionics_heresy_Ironstorm":2,
			"diableavionics_heresy_Rainstorm":2,
	},
	
	
	# hybrid ships with good combat and cargo capacity
	"combatFreighterSmall":{
	},
	"combatFreighterMedium":{
	},
	"combatFreighterLarge":{
	},
	
	"civilianRandom":{
	},

	# carriers
	"carrierSmall":{
	},
	"carrierMedium":{
	},
	"carrierLarge":{
			"diableavionics_heresy_Ironstorm":1,
			"diableavionics_heresy_Rainstorm":1,
	},

	# phase ships
	"phaseSmall":{
	},
	"phaseMedium":{
	},
	"phaseLarge":{
	},
	"phaseCapital":{
	},

	# freighters and such
	"freighterSmall":{
	},
	"freighterMedium":{
	},
	"freighterLarge":{
	},
	
	"tankerSmall":{
	},
	"tankerMedium":{
	},
	"tankerLarge":{
	},
	
	"personnelSmall":{
	},
	"personnelMedium":{
	},
	"personnelLarge":{
	},
	
	"linerSmall":{
	},
	"linerMedium":{
	},
	"linerLarge":{
	},
	
	# utility ships
	"tug":{
	},
	"crig":{
	},
	"utility":{
	},
	
	"orbitalStationLowTech":{
	},
	
	"battlestationLowTech":{
	},
}
