{
  "id":"dabble",
	"name":"Laharl's Important Maintenance Extension: Dabbled Avionics",
	"author":"Credits from the original Diable Avionics, by Flashfrozen, Maintained by Tartiflette. Further credit to Debido for the original Dabbled Avionics. This is a maintenance update by Laharl.",	
	"version":"0.2",
	"description":"Tired of countless defeats by the Sector, Diable Avionics has decided to unleash its most unusual technologies yet. Requires Diable Avionics mod.",
	"gameVersion":"0.9.1a",
}
